1|Díos|DIOS;
2|tinamit quiche|TINAMIT_KICHE;
3|ꜩacol|TZAQOL;
4|bitol|BITOL;
5|alom|ALOM;
6|qaholom|KAJOLOM;
7|hun ah –pu vuch|JUNAJPU_WUCH;
8|hun ahpu vtiu|JUNAJPU_UTIW;
9|za –quinimac ꜩÿz|SAQI_NIM_AQ_SIS;
10|tepeu, qucumaꜩ|TEPEW_QUKUMATZ;
11|vqux cho|CORAZÓN_DEL_LAGO;
12|vqux palo|CORAZÓN_DEL_MAR;
13|ah ra –xalaꜫ|LOS_DE_LA_SUPERFICIE_PLANA;
14|ah raxaꜩel chu qha –xic|LOS_DE_LA_BÓVEDA_AZUL;
15|xpiyacoc|XPIYAKOK;
16|xmucane|IXMUKANE;
17|Dios|DIOS;
18|ꜩacol|TZAQOL;
19|bitol|BITOL;
20|vchuch|TZAQOL;
21|vcahau|BITOL;
22|ꜩacol|TZAQOL;
23|bitol|BITOL;
24|te –peu, gucumaꜩ|TEPEW_QUKUMATZ;
25|alom|ALOM;
26|qaho –lom|KAJOLOM;
27|gucumaꜩ|QUKUMATZ;
28|vqux cah|UKUX_KAJ;
29|tepeu gucumaꜩ|TEPEW_QUKUMATZ;
30|tepeu gucumaꜩ|TEPEW_QUKUMATZ;
31|vqux cah huracan|UKUX_KAJ;
32|caculha huracan|KAQUILJA_JUN_RAQAN;
33|chipa caculha|CHIPI_KAQULJA;
34|raxa caculha|RAXA_KAQULJA;
35|vqux cah|UKUX_KAJ;
36|tepeu gucumaꜩ|TEPEW_QUKUMATZ;
37|qu –cumaꜩ|QUKUMATZ;
38|vqux
cah|UKUX_KAJ;
39|huracan|UKUX_KAJ;
40|chipi –caculha|CHIPI_KAQULJA;
41|raxa caculha|RAXA_KAQULJA;
42|alom|ALOM;
43|qaholom|KAJOLOM;
44|alom|ALOM;
45|qaho –lom|KAJOLOM;
46|ꜩacol|TZACOL;
47|bitol|BITOL;
48|a –lom|ALOM;
49|qaholom|KAJOLOM;
50|hu –racan|UKUX_KAJ;
51|chipi caculha|CHIPI_KAQULJA;
52|raxa
caculha|RAXA_KAQULJA;
53|vqux cah|UKUX_KAJ;
54|vquxvle –uh|UKUX_ULEW;
55|ꜩacol|TZAQOL;
56|bitol|BITOL;
57|alom|ALOM;
58|qaholõ|KAJOLOM;
59|ꜩacol|TZAQOL;
60|bitol|BITOL;
61|alom|ALOM;
62|qa –holom|QAHOLOM;
63|ꜩacol|TZAQOL;
64|bitol|BITOL;
65|alom|ALOM;
66|qaholom|KAJOLOM;
67|xpiyacoc|XPIYAKOK;
68|xmucane|IXMUKANE;
69|hun ah –pu vuch|JUNAJPU_WUCH;
70|hun ahpu vtiu|JUNAJPU_UTIW;
71|xpiyacoc|XPIYAKOK;
72|xmucane|IXMUKANE;
73|ꜩacol|TZAQOL;
74|bitol|BITOL;
75|xpiyacoc|XPIYAKOK;
76|xmuca –ne|IXMUKANE;
77|huracan|UKUX_KAJ;
78|te –peu gucumaꜩ|TEPEW_QUKUMATZ;
79|iyom|IXMUKANE;
80|mamom|XPIYAKOK;
81|xpiyacoc|XPIYAKOK;
82|xmuca
ne|IXMUKANE;
83|hunahpu
vuch|JUNAJPU_WUCH;
84|hunahpu vtiu|JUNAJPU_UTIW;
85|alo –m|ALOM;
86|qaholom|KAJOLOM;
87|xpi –yacoc|XPIYAKOK;
88|xmucane|IXMUKANE;
89|tepeu
gucumaꜩ|TEPEW_QUKUMATZ;
90|ꜩacol|TZAQOL;
91|bi –tol|BITOL;
92|ꜩacol|TZAQOL;
93|bitol|BITOL;
94|ꜩacol|TZAQOL;
95|bitol|BITOL;
96|vqux cah, huracan|UKUX_KAJ;
97|vvcub caquix|WUQUB_KAKIX;
98|vcub caquix|WUQUB_KAKIX;
99|vucub caquix|WUQUB_KAKIX;
100|vucub caquix|WUQUB_KAKIX;
101|ahꜩac|EL_CRIADOR;
102|vucub
ca quix|WUQUB_KAKIX;
103|caib qaholab|DOS_MUCHACHOS;
104|hun ahpu|JUNAJPU;
105|xbalan –que|XBALANKE;
106|chicac|VOLCAN_DE_FUEGO;
107|hun
ahpu|VOLCAN_DE_ACATENANGO;
108|pe cul|PEKUL;
109|ya xcanul|YA_XKANUL;
110|ma –camob|MAKAMOB;
111|motz|PLEYADAS;
112|meauan|MEAWN;
113|hun baꜩ|JUN_BATZ;
114|hun choven|HUN_CHOWEN;
115|xmu –cane|IXMUKANE;
116|hun hu –nahpu|JUN_JUNAJPU;
117|vvcub hun ahpu|WUQUB_JUNAJPU;
118|hun hun –ahpu|JUN_JUNAJPU;
119|vvcub hun ahpu|WUQUB_JUNAJPU;
120|xibalba|XIBALBA;
121|nuzivan|BARRANCO_AGITADO;
122|cul, cu ziuan|BARRANCO_RUIDOSO;
123|ha zimah|JA_SIMAJ;
124|chiquiquia|RIO_DE_SANGRE;
125|pu –ch chi a|AGUA_PODRIDA;
126|hun ꜫaꜫabe|CAMINO_ROJO;
127|hun cut queca
be|CAMINO_NEGRO;
128|zaqui be hun|CAMINO BLANCO;
129|hun cut ꜫana|CAMINO_AMARILLO;
130|be xibalba|CAMINO_NEGRO;
131|xibal
ba|XIBALBA;
132|xi –balba|XIBALBA;
133|hun came|JUN_KAME;
134|vvcub came|WUQUB_KAME;
135|xibalba|XIBALBA;
136|hunhu –nahpu|JUN_JUNAJPU;
137|vvcub hun ahpu|WUQUB_JUNAJPU;
138|hun
came|JUN_KAME;
139|vvcub came|WUQUB_KAME;
140|quecuma
ha|CASA_OSCURA;
141|xuxulim ha|CASA_DE_HIELO;
142|ba –lami ha|CASA_DE_JAGUARES;
143|tzotzi ha|CASA_DE_MURCIELAGOS;
144|chaim
ha|CASA_DE_LOS_CHAYES;
145|pucbal chah|PUSBAL_CHAAJ;
146|hun hunahpu|JUN_JUNAJPU;
147|vvcub hun
ahpu|WUQUB_JUNAJPU;
148|huracan|HURAKAN;
149|chipica –culha|CHIPI_KAQULJA;
150|raxa caculha|RAXA_KAQULJA;
151|hun ahpu|JUNAJPU;
152|xbalanque|XBALAMKE;
153|cuchumaquic|KUCHUMA_KIK;
154|hun came|JUN_KAME;
155|vvcub
came|WUQUB_KAME;
156|hun hunahpu|JUN_JUNAJPU;
157|hun came|JUN_KAME;
158|vvcub
came|VUKUB_KAME;
159|hun came|JUN_KAME;
160|hun came|JUN_KAME;
161|xibalba|XIBALBA;
162|xibalba|XIBALBA;
163|hun baꜩ|JUN_BATZ;
164|hun choven|JUN_CHOWEN;
165|xquic|IXKIK;
166|xquic|IXKIK;
167|hun baꜩ|JUN_BATZ;
168|hun choven|JUN_CHOWEN;
169|hun ah –pu|JUNAJPU;
170|xbalanque|XBALAMKE;
171|xibalba|XIBALBA;
172|hun
baꜩ|JUN_BATZ;
173|hun chouen|JUN_CHOWEN;
174|hun hunahpu|JUN_JUNAJPU;
175|hun hunahpu|JUN_JUNAJPU;
176|vvcub hunahpu|WUQUB_JUNAJPU;
177|hun batz|JUN_BATZ;
178|hun chouen|JUN_CHOWEN;
179|hun batz|JUN_BATZ;
180|hun
chouen|JUN_CHOWEN;
181|hun batz|JUN_BATZ;
182|hun 
chouen|JUN_CHOWEN;
183|hun ahpu|JUNAJPU;
184|xbalanque|XBALAMKE;
185|hun ahpu|JUNAJPU;
186|xbalanque|XBALAMKE;
187|hun
baꜩ|JUN_BATZ;
188|hun choven|JUN_CHOWEN;
189|hun baꜩ|JUN_BATZ;
190|hun
chouen|JUN_CHOWEN;
191|hun
baꜩ|JUN_BATZ;
192|hun chouen|JUN_CHOWEN;
193|xibalba|XIBALBA;
194|hun baꜩ|JUN_BATZ;
195|hun chouen|JUN_CHOWEN;
196|hun ahpu|JUNAJPU;
197|xbalanque|XBALAMKE;
198|hun baꜩ|JUN_BATZ;
199|hun choven|JUN_CHOWEN;
200|hun baꜩ|JUN_BATZ;
201|hun choven|JUN_CHOWEN;
202|hun baꜩ|JUN_BATZ;
203|hun choven|JUN_CHOWEN;
204|hun ahpu|JUNAJPU;
205|xbalanque|XBALAMKE;
206|hun
baꜩ|JUN_BATZ;
207|hun chouen|JUN_CHOWEN;
208|hun ahau|JUNAJPU;
209|xbalanque|XBALAMKE;
210|hun ah pu|JUNAJPU;
211|xbalan
que|XBALAMKE;
212|hun baꜩ|JUN_BATZ;
213|hun
chouen|JUN_CHOWEN;
214|hun baꜩ|JUN_BATZ;
215|hun choven|JUN_CHOWEN;
216|hun ahpu|JUNAJPU;
217|xbalanque|XBALAMKE;
218|hun baꜩ|JUN_BATZ;
219|hun chouen|JUN_CHOWEN;
220|hun ahpu|JUNAJPU;
221|xbalanque|XBALAMKE;
222|hun ahpu|JUNAJPU;
223|xba –lanque|XBALAMKE;
224|hun ahpu|JUNAJPU;
225|hun
ahpu|JUNAJPU;
226|hun baꜩ|JUN_BATZ;
227|hun chouen|JUN_CHOWEN;
228|hun ahpu|JUNAJPU;
229|xba –lanque|XBALAMKE;
230|hun ahpu|JUNAJPU;
231|xbalanque|XBALAMKE;
232|hun baꜩ|JUN_BATZ;
233|hun chouen|JUN_CHOWEN;
234|hun ahpu|JUNAJPU;
235|xba –lanque|XBALAMKE;
236|hun baꜩ|JUN_BATZ;
237|hun choven|JUN_CHOWEN;
238|hun ahpu|JUNAJPU;
239|xbalanque|XBALAMKE;
240|hun ahpu|JUNAJPU;
241|xbalanque|XBALAMKE;
242|hun ahpu|JUNAJPU;
243|xbalanque|XBALAMKE;
244|hun ahpu|JUNAJPU;
245|xbalanque|XBALAMKE;
246|hunhu –nahpu|JUN_JUNAJPU;
247|vvcub hunahpu|WUQUB_JUNAJPU;
248|xibalba|XIBALBA;
249|hun ahpu|JUNAJPU;
250|xbalanque|XBALAMKE;
251|hun ahpu|JUNAJPU;
252|xbalanque|XBALAMKE;
253|xibalba|XIBALBA;
254|hun hunahpu|JUN_JUNAJPU;
255|vvcubhunahpu|WUQUB_JUNAJPU;
256|xibalba|XIBALBA;
257|xibalba|XIBALBA;
258|xibalba|XIBALBA;
259|xibalba|XIBALBA;
260|xibalba|XIBALBA;
261|hun ahpu|JUNAJPU;
262|xbalanque|XBALAMKE;
263|vac|pájaro;
264|vac|pájaro;
265|vac|pájaro;
266|vac|pájaro;
267|vbaca|CHAMIYABAQ;
268|chu baca|CHAMIYABAQ;
269|vvach|pájaro;
270|vac|pájaro;
271|vbacanu|CHAMIYABAQ;
272|vach|pájaro;
273|vac|pájaro;
274|vach|pájaro;
275|vac|pájaro;
276|vac|pájaro;
277|vac|pájaro;
278|vvach|pájaro;
279|xibalba|XIBALBA;
280|hun came|JUN_KAME;
281|vvcubcame|WUQUB_KAME;
282|vvcu –bix|WUQUB_KAKIX;
283|hun nahpu|JUNAJPU;
284|que ca be|CAMINO_NEGRO;
285|zaqui be|CAMINO_BLANCO;
286|ca
ca be|CAMINO_ROJO;
287|raxa be|CAMINO_VERDE;
288|que ca be|CAMINO_NEGRO;
289|vvcub came|WUQUB_KAME;
290|vvacac|pájaro;
291|ahal puh|AJAL_PUJ;
292|chamiabaca|CHAMIYABAQ;
293|chamia baca|CHAMIYABAQ;
294|chamiabaca|CHAMIYABAQ;
295|patan|PATAN;
296|patan|PATAN;
297|vvach|pájaro;
298|vach|pájaro;
299|chi quihila|XIBALBA;
300|chamia baca|CHAMIYABAQ;
301|patan|PATAN;
302|vvach|pájaro;
303|xeqhaxba|XIBALBA;
304|xvach|pájaro;
305|vvach|pájaro;
306|vvach|pájaro;
307|vach|pájaro;
308|vach|pájaro;
309|vach|pájaro;
310|vvach|pájaro;
311|vach|pájaro;
312|vach|pájaro;
313|vach|pájaro;
314|vac|pájaro;
315|vach|pájaro;
316|xquipuquih|CHAMIYABAQ;
317|quivach|pájaro;
318|chi quivac|pájaro;
319|quivach|pájaro;
320|xuquixbih|XBALAMKE;
321|halvac|pájaro;
322|vac|pájaro;
323|vach|pájaro;
324|vac|pájaro;
325|xbalanque|XBALAMKE;
326|xbalanque|XBALAMKE;
327|hun ahpu|JUNAJPU;
328|hun ahpu|JUNAJPU;
329|xibalba|XIBALBA;
330|xbalanque|XBALAMKE;
331|xibalba|XIBALBA;
332|hun ahpu|JUNAJPU;
333|xbalanque|XBALAMKE;
334|hunahpu|JUNAJPU;
335|xibalba|XIBALBA;
336|xbalanque|XBALAMKE;
337|xibalba|XIBALBA;
338|xibalba|XIBALBA;
339|hun ahpu|JUNAJPU;
340|xbalanque|XBALAMKE;
341|hun ahpu|JUNAJPU;
342|xbalanque|XBALAMKE;
343|xibalba|XIBALBA;
344|xibalba|XIBALBA;
345|xulupacam|XULU;
346|xibalba|XIBALBA;
347|xibalba|XIBALBA;
348|xbalanque|XBALAMKE;
349|rabinaleb|RABINAL;
350|tulan|TULAN;
351|zuiva|SUYWA;
352|balam quitze|BALAM_KITZE;
353|balam
quitze|BALAM_KITZE;
354|balam acab|BALAM_AQAB;
355|mahucutah|MAJUKUTAJ;
356|iqui balam|IQUI_BALAM;
357|balam
quiꜩe|BALAM_KITZE;
358|balam acab|BALAM_AQAB;
359|mahucutah|MAJUKUTAJ;
360|tamub|TAMUB;
361|ilocab|ILOKAB;
362|rabinaleb|RABINALEB;
363|ꜫaꜫchequeleb|KAQCHIKEL;
364|quinaha|QUINAHA;
365|tuhalha|TUJAL_JA;
366|vchaba –ha|UCHABAJA;
367|quibaha|AJKIBAJA;
368|ah batena|AJBATENAJA;
369|ruqya –qui tepeu|YAKI_TEPEW;
370|ritohil|TOJIL;
371|aulix|AWILIX;
372|ha –caviꜩ|JAQAWITZ;
373|balam quiꜩe|BALAM_KITZE;
374|balam acab|BALAM_AQAB;
375|ma –hucutah|MAJUKUTAJ;
376|iqui balam|IKIBALAM;
377|hacaviꜩ|MT.JAQAWITZ;
378|balam quiꜩe|BALAM_KITZE;
379|balam –acab|BALAM_AQAB;
380|mahucutah|MAJUKUTAJ;
381|iqui balam|IKIBALAM;
382|tulan|TULAN;
383|tohil|TOJIL;
384|yaqui|YAKI_TEPEW;
385|yolcuat|YOLKWAT;
386|qui –ꜩalcuat|QUITZALCUAT;
387|tulan|TULAN;
388|yaqui|YAKI_TEPEW;
389|Mexico|MEXICO;
390|tepeu oliman|TEPEW_OLOMAN;
391|ha –caviꜩ|MT.JAQAWITZ;
392|tamub|TAMUB;
393|ilocab|ILOKAB;
394|Dan|DAN;
395|tamub|TAMUB;
396|tohil|TOJIL;
397|queche|KICHE;
398|rabinaleb|RABINALEB;
399|toh|TOH;
400|rabinaleb|RABINALEB;
401|queche|KICHE;
402|ꜫaꜫchequeleb|KAQCHIKELEB;
403|tulan|TULAN;
404|ꜩoꜩiha|TZOTZIJA;
405|tulan|TULAN;
406|balam quiꜩe|BALAM_KITZE;
407|balam acab|BALAM_AQAB;
408|mahucutah|MAJUKUTAJ;
409|iqui balam|IKIBALAM;
410|tohil|TOJIL;
411|aulix|AWILIX;
412|ha –caviꜩ|JAQAWITZ;
413|tohil|TOJIL;
414|tohil|TOJIL;
415|aulix|AWILIX;
416|tohil|TOJIL;
417|tohil|TOJIL;
418|tohil|TOJIL;
419|tohil|TOJIL;
420|aulix|AWILIX;
421|hacaviꜩ|JAQAWITZ;
422|to –hil|TOJIL;
423|aulix|AWILIX;
424|balam quiꜩe|BALAM_KITZE;
425|balam acab|BALAM_AQAB;
426|ma –hucutah|MAJUKUTAJ;
427|iqui balam|IKIBALAM;
428|tohil|TOJIL;
429|aulix|AWILIX;
430|ha –caviꜩ|JAQAWITZ;
431|tohil|TOJIL;
432|aulix|AWILIX;
433|hacaviꜩ|JAQAWITZ;
434|tohil|TOJIL;
435|aulix|AWILIX;
436|hacaviꜩ|JAQAWITZ;
437|tohil|TOJIL;
438|aulix|AWILIX;
439|hacaviꜩ|JAQAWITZ;
440|tu –lan|TULAN;
441|tohil|TOJIL;
442|aulix|AWILIX;
443|hacaviꜩ|JAQAWITZ;
444|balam quiꜩe|BALAM_KITZE;
445|ba
lam acab|BALAM_AQAB;
446|mahucutah|MAJUKUTAJ;
447|iqui balam|IKIBALAM;
448|tohil|TOJIL;
449|aulix|AWILIX;
450|tohil|TOJIL;
451|tohil|TOJIL;
452|aulix|AWILIX;
453|hacaviꜩ|JAQAWITZ;
454|tohil|TOJIL;
455|aulix|AWILIX;
456|hacaviꜩ|JAQAWITZ;
457|tohil|TOJIL;
458|aulix|AWILIX;
459|haca –viꜩ|JAQAWITZ;
460|tohil|TOJIL;
461|balam quiꜩe|BALAM_KITZE;
462|balam acab|BALAM_AQAB;
463|ma –hucutah|MAJUKUTAJ;
464|iqui balam|IKIBALAM;
465|tohil|TOJIL;
466|avlix|AWILIX;
467|hacaviꜩ|JAQAWITZ;
468|tohil|TOJIL;
469|aulix|AWILIX;
470|hacaviꜩ|JAQAWITZ;
471|tohil|TOJIL;
472|tohil|TOJIL;
473|aulix|AWILIX;
474|hacauiꜩ|JAQAWITZ;
475|balam quitze|BALAM_KITZE;
476|hacavitz|JAQAWITZ;
477|balam quitze|BALAM_KITZE;
478|balamacab|BALAM_AQAB;
479| ma –hucutah|MAJUKUTAJ;
480| iquibalam |IKIBALAM;
481|caib|KOKAIB;
482|balamqui –tze|BALAM_KITZE;
483|coaui quib|KAWEQ;
484|coacutec|KOAKUTEK;
485|acab|BALAM_AQAB;
486|nihaibab|NIJAIB;
487|coaha –u|KOAJAW;
488|mahu –cutah|MAJUKUTAJ;
489|ahau quiche|AJAW_KICHE;
490|nacxit|NAKXIT;
491|ahpopol|AJPOP;
492|ahpop camhail|AJPOP_KAMJA;
493|ahpop|AJPOP;
494|ahpop camha|AJPOP_KAMJA;
495|nacxit|NAKXIT;
496|tulan|TULÁN;
497|hacavitz|LUGAR_DE_JAQAWITZ;
498|tam –ub|TAMUB;
499|ilocab|ILOKAB;
500|co caib|KOKAIB;
501|coacutec|KOAKUTEK;
502|cahau|KOAJAW;
503|rabi –naleb|RABINALEB;
504|eaechequeleb|KAQCHIKELEB;
505|quinaha|AJTZIKINAJA;
506|hacaviꜩ|LUGAR_DE_JAQAWITZ;
507|balam quiꜩe|BALAM_KITZE;
508|balam acab|BALAM_AQAB;
509|ma
hucutah|MAJUKUTAJ;
510|hacavitz|LUGAR_DE_JAQAWITZ;
511|chiquix|CHI_KIX;
512|chiquix|CHI_KIX;
513|chiq uchac|CHI_CHAQ;
514|culba|KULBA;
515|cavinal|KAWINAL;
516|Chiizmachi|CHI_ISMACHI;
517|conache|KONACHE;
518|xube+heb
t/equeh|BELEJEB_KEJ;
519|ealelahau|AJAW_QALEL;
520|cotuha|KOTUJA;
521|iztayul|ISTAYUL;
522|ahpop|AJPOP;
523|ahpopcam
ha|AJPOP_KAMJA;
524|chiizmachi|CHI_ISMACHI;
525|chiizmachi|CHI_ISMACHI;
526|cauiquib|KAWEQ;
527|nihaibab|NIJAIB;
528|ahau quiche|AJAW_KICHE;
529|chiizmachi|CHI_ISMACHI;
530|chiizmachi|CHI_ISMACHI;
531|ilocab|ILOKAB;
532|cotuhu|KOTUJA;
533|ztayul|ISTAYUL;
534|ilocab|ILOKAB;
535|co –tuha|KOTUJA;
536|ilocab|ILOKAB;
537|quiche|KAWEQ;
538|ilocab|ILOKAB;
539|cu –tuha|KOTUJA;
540|ca –ui quib|KAWEQ;
541|nihaib|NIJAIB;
542|ahau
quiche|AJAW_KICHE;
543|chiizmachi|CHI_ISMACHI;
544|chiizmachi|CHI_ISMACHI;
545|cumarca –ah|QUMARAQ_AJ;
546|cotuha|KOTUJA;
547|cucumatz|AJQUKUMATZ;
548|cumarcaah|QUMARAQ_AJ;
549|chinamit|SAQIK;
550|caviquib|KAWEQ;
551|nihaibab|NIJAIB;
552|ahau quiche|AJAW_KICHE;
553|chinamital|SAQIK;
554|caui quib|KAWEQ;
555|ahpop|AJPOP;
556|ahpop camha|AJPOP_KAMJA;
557|ah to –hil|AJTOJIL;
558|ah cueumatz|AJQUKUMATZ;
559|nim chocoh ca
vec|NIM_CHOKOJ_KAWEQ;
560|popol vinac, chituy|POPOL_WINAQ_CHI_TUY;
561|lolmet,
queh nay|LOLMET_KEJNAY;
562|popol vinac, pahom
tzalatz|POPOL_WINAQ_PA_JOM_TZALATZ;
563|caviquib|KAWEQ;
564|nihaibab|NIJAIB;
565|ahau ealel|AJAW_QALEL;
566|ahau ahtzic vi –nac|AJAW_AJTZIK_WINAQ;
567|nima camha|NIMA_KAMJA;
568|v
chuch camha|UCHUCH_KAMJA;
569|nihaib –ab|NIJAIB;
570|yacolatam, vtzam pop
zaclatol|YAKOLATAM_UTZAM_POP_SAQLATOL;
571|nima lolmet yeoltux|NIMA_LOLMET_YEOLTUX;
572|nihaibab|NIJAIB;
573|ahau lolmet|AJAW_LOLMET;
574|ahau nim chocoh|AJAW_NIM_CHOKOJ;
575|ahau hacavitz|AJAW_JAQAWITZ;
576|cucumatz|AJQUKUMATZ;
577|cotuha|KOTUJA;
578|cucumatz|AJQUKUMATZ;
579|xibalba|XIBALBA;
580|cucumatz|QUKUMATZ_PERSONA;
581|cucumatz|QUKUMATZ_PERSONA;
582|eeae quicab|KIKAB;
583|cavizimah|KAWISIMAJ;
584|qui cab|KIKAB;
585|cauizimah|KAWISIMAJ;
586|chuuila|CHUWILA;
587|pamaca|PA_MAKA;
588|caoqueb|KAWKEB;
589|rizacabaha|SAQKABAJA;
590|vtinamit chicut zaculeuab|SAQULEWAB;
591|chuvi miquina|CHUWI_MEQENA;
592|xelahu|XELAJUJ;
593|chuva
tzac|CHUWA_TZAQ;
594|tzolohche|TZOLOJ_CHE;
595|quieab|KIKAB;
596|rabinaleb|RABINALEB;
597|zaculeuab|SAQULEWAB;
598|quicab|KIKAB;
599|cauizimah|KAWISIMAJ;
600|petatayub|PETATAYUB;
601|qui
cab|KIKAB;
602|quicab|KIKAB;
603|tamub|TAMUB;
604|Xebalax|XE_BALAX;
605|xecamac|XE_KAMAQ;
606|chulimal|CHULIMAL;
607|ealel ahau|AJAW_QALEL;
608|ealel zaquic|QALEL_SAQIK;
609|v
ealel achih|QALEL_ACHIJ;
610|rahpop achih|RAJPOP_ACHIJ;
611|rahtza –lam achih|RAJTZALAM_ACHIJ;
612|vtzam achih|UTZAM_ACHIJ;
613|tamub|TAMUB;
614|ilocab|ILOKAB;
615|tohil|TOJIL;
616|cauiquib|KAWEQ;
617|aulix|AWILIX;
618|nihaibab|NIJAIB;
619|haca –vitz|LUGAR_DE_JAQAWITZ;
620|ahau quiche|AJAW_KICHE;
621|tzutuha|LUGAR_DE_TZUTUJA;
622|cahba –ha|KAJBAJA;
623|tohil|TOJIL;
624|ri cucumatz|QUKUMATZ_PERSONA;
625|cotuha|KOTUJA;
626|ri cucumatz|QUKUMATZ_PERSONA;
627|cotuha|KOTUJA;
628|quicab|KIKAB;
629|cauizimah|KAWISIMAJ;
630|tohil|TOJIL;
631|athu –racan|UKUX_KAJ;
632|at vquxcah vleu|UKUX_KAJ_UKUX_ULEW;
633|vqux cah|UKUX_KAJ;
634|vqux vleu|UKUX_ULEW;
635|aulix|AWILIX;
636|hacavitz|JAQAWITZ;
637|tamub|TAMUB;
638|ilocab|ILOKAB;
639|rabinaleb|RABINALEB;
640|eaechequeleb|KAQCHIKELEB;
641|ah –q,iquinaha|AJTZIKINAJA;
642|tuhalaha|TUJAL_JA;
643|vchabaha|UCHABAJA;
644|quicab|KIKAB;
645|cavizimah|KAWISIMAJ;
646|balam quitze|BALAM_KITZE;
647|balam acab|BALAM_AQAB;
648|mahucutah|MAJUKUTAJ;
649|iquibalam|IKIBALAM;
650|Balam quitze|BALAM_KITZE;
651|cavi
quib|KAWEQ;
652|balam quitze|BALAM_KITZE;
653|Vahxaqui caam|WAJXAQIB_KAM;
654|quicab|KIKAB;
655|Oxib quieh|OXIB_KEJ;
656|beleheb tzi|BELEJEB_TZI;
657|Donadiu|DONADIU;
658|Tecum|TEKUM_TRECEAVA;
659|tepepul|TEPEPUL_TRECEAVA;
660|Don Juo. de Rojas|DON_JUAN_DE_ROJAS;
661|Don Juo. cortes|DON_JUAN_CORTÉS;
662|chinamit|SAQIK;
663|chica –uiquib|KAWEQ;
664|Nim chocoh cavec|NIM_CHOKOJ_KAWEQ;
665|Lolmet queh nai|LOLMET_KEJNAY;
666|Popolvinac pahom tzalatz|POPOL_WINAQ_PA_JOM_TZALATZ;
667|Tepeu iaqui|YAKI_TEPEW;
668|chinamit|SAQIK;
669|nihaibab|NIJAIB;
670|Balam acab|BALAM_AQAB ;
671|Coacul|KOAKUL;
672|coacutac|KOAKUTEK;
673|Cochahuh|KOCHAJUJ;
674|coꜩibaha|KOTZIBAJA;
675|Beleheb quih|BELEJEB_KEJ;
676|Cotuha|KOTUJA;
677|Baꜩa|BATZA;
678|Ztayul|ISTAYUL_NIJAIB;
679|Cotuha chivi|KOTUJA_OCTAVO;
680|Beleheb quih|BELEJEB_KEJ_NOVENO;
681|Quema chuqhax|KEEMA;
682|Ahau cotuha|AJAW_KOTUJA_UNDÉCIMO;
683|Don christoual chuchaxic|DON_CRISTÓBAL;
684|zDDon. Pedro de robles|DON_PEDRO_DE_ROBLES;
685|Ahau ꜫalel|AJAW_QALEL;
686|nihaibab|NIJAIB;
687|Ahau ah ꜩic vinac|AJAW_AJTZIK_WINAQ;
688|Ahau ꜫalel camha|QALEL_KAMJA;
689|Nima camha|NIMA_KAMJA;
690|Vchuch camha|UCHUCH_KAMJA;
691|Nima camha|NIMA_KAMJA;
692|Nim chocoh nihaib|NIM_CHOKOJ_NIJAIB;
693|Ahau auilix|AJAW_AWILIX;
694|Yacolatam|YAKOLATAM;
695|ni –haibab|NIJAIB;
696|nihaibab|NIJAIB;
697|ahau qui che|AJAW_KICHE;
698|Mahucutah|MAJUKUTAJ_HOMBRE;
699|Coahau|KOAJAW;
700|Caelacan|QAQ_LAQAM;
701|Cocozom|KOKOSOM;
702|Comahcun|KOMAJKUN;
703|Vucubah|WUQUB_AJ;
704|Cocamel|KOKAMEL;
705|Coyabacoh|KOYABAKOJ;
706|Vinac bam|WINAQ_BALAM;
707|ahau quiche|AJAW_KICHE;
708|Ah ꜩic vinac ahau|AJAW_AJTZIK_WINAQ;
709|Lolmet ahau|AJAW_LOLMET;
710|Nim chocoh|AJAW_NIM_CHOKOJ;
711|Hacaviꜩ|AJAW_JAQAWITZ;
712|ahau quiche|AJAW_KICHE;
713|ahavab quiche|AJAW_KICHE;
714|nihaib|NIJAIB;
715|nimchocoh ahau|AJAW_NIM_CHOKOJ;
716|ahau quiche|AJAW_KICHE;
717|Sta.Santa Cruz|SANTA_CRUZ;
718|madre|ALOM;
719|Padre|KAJOLOM;
720|hun
ahpu vuch|JUNAJPU_WUCH;
721|hun ahpu vtiu|JUNAJPU_UTIW;
722|Zaquinima ꜩÿz|SAQI_NIM_AQ_SIS;
723|tepeu. gucumaꜩ.|TEPEW_QUKUMATZ;
724|vguxcho|CORAZÓN_DEL_LAGO;
725|vguxpalo|CORAZÓN_DEL_MAR;
726|vn tirador tacu –azín|JUNAJPU_WUCH;
727|vn tirador coyote|JUNAJPU_UTIW;
728|blanco pizote|SAQI_NIM_AQ_SIS;
729|Sor.fuerte culebra|TEPEW_QUKUMATZ;
730|corazon de la laguna|CORAZÓN_DEL_LAGO;
731|co –razon de el mar|CORAZÓN_DEL_MAR;
732|el de el verde cagete|LOS_DE_LA_SUPERFICIE_PLANA;
733|el
de la verde hícara|LOS_DE_LA_BÓVEDA_AZUL;
734|abu –ela|IXMUKANE;
735|abuelo|XPIYAKOK;
736|xpiyacoc|XPIYAKOK;
737|xmucane|IXMUKANE;
738|amparado –res|IXMUKANE;
739|cubridores|XPIYAKOK;
740|dos vezes abuela|IXMUKANE;
741|dos
vezes abuelo|XPIYAKOK;
742|Díos|DIOS;
743|formador|TZAQOL;
744|criador|BITOL;
745|Me.|TZAQOL;
746|Pe.|BITOL;
747|críador|TZAQOL;
748|formador|BITOL;
749|Sor. culebra fuerte|TEPEW_QUKUMATZ;
750|las madres|ALOM;
751|Pes.|KAJOLOM;
752|gucumaꜩ|QUKUMATZ;
753|corazon
de el zielo|UKUX_KAJ;
754|tepeu, gucumaꜩ|TEPEW_QUKUMATZ;
755|tepeu
gucumaꜩ|TEPEW_QUKUMATZ;
756|el corazon de el
zielo, q’se llama huracan|UKUX_KAJ;
757|caculha huracan|KAQUILJA_JUN_RAQAN;
758|rayo de vna píerna|KAQUILJA_JUN_RAQAN;
759|chípa caculha|CHIPI_KAQULJA;
760|el mas pequeño de los rayos|CHIPI_KAQULJA;
761|raxa caculha|RAXA_KAQULJA;
762|verde rayo|RAXA_KAQULJA;
763|co –razon de el cielo|UKUX_KAJ;
764|tepeu, qu –cumaꜩ|TEPEW_QUKUMATZ;
765|gucumaꜩ|QUKUMATZ;
766|corazon de el zielo|UKUX_KAJ;
767|huracan|UKUX_KAJ;
768|chípi caculha|CHIPI_KAQULJA;
769|raxa caculha|RAXA_KAQULJA;
770|el corazon de el zielo, y el cora
zon de la tierra|UKUX_KAJ_UKUX_ULEW;
771|el criador|DIOS;
772|el criador|TZACOL;
773|formador|BITOL;
774|madres|ALOM;
775|Padres|KAJOLOM;
776|huracan|UKUX_KAJ;
777|chípí caculha|CHIPI_KAQULJA;
778|raxa caculha|RAXA_KAQULJA;
779|vquxcah|UKUX_CAJ;
780|vquxuleu|UKUX_ULEW;
781|formadores|TZAQOL;
782|cría
dores|BITOL;
783|madres|ALOM;
784|Padres|KAJOLOM;
785|los formadores|TZAQOL;
786|formadores|TZAQOL;
787|críadores|BITOL;
788|for –madores|TZAQOL;
789|el críador|TZAQOL;
790|xpíya
coc|XPIYAKOK;
791|xmucane|IXMUKANE;
792|hun ahpu vuch|JUNAJPU_WUCH;
793|hun ahpu vtíu|JUNAJPU_UTIW;
794|xpíyacoc|XPIYAKOK;
795|xmucane|IXMUKANE;
796|xpíyacoc|XPIYAKOK;
797|xmucane|IXMUKANE;
798|huracan|UKUX_KAJ;
799|tepeu
y gucumaꜩ|TEPEW_QUKUMATZ;
800|abuela|IXMUKANE;
801|abuelo nuestro|XPIYAKOK;
802|xpíya –coc|XPIYAKOK;
803|xmucane|IXMUKANE;
804|hun ahpu vuch|JUNAJPU_WUCH;
805|hun ahpu vtíu|JUNAJPU_UTIW;
806|dos
vezes madre|ALOM;
807|dos vezes Padre|KAJOLOM;
808|pízote|SAQI_NIM_AQ_SIS;
809|xpíyacoc|XPIYAKOK;
810|xmucane|IXMUKANE;
811|corazon de el zielo|UKUX_KAJ;
812|tepeu, y cucumaꜩ|TEPEU_QUKUMATZ;
813|el corazon de el zíelo|UKUX_KAJ;
814|críador|TZAQOL;
815|haze –dor|BITOL;
816|el corazon de
el cíelo|UKUX_KAJ;
817|Pe.|ALOM;
818|Me|KAJOLOM;
819|Sor. el corazon de el zíelo, q’se llama hura –can|UKUX_KAJ;
820|vvcub caquix|WUQUB_KAKIX;
821|vvcub caquíx|WUQUB_KAKIX;
822|vvcub caquíx|WUQUB_KAKIX;
823|vvcub caquíx|WUQUB_KAKIX;
824|vvcub caquix|WUQUB_KAKIX;
825|vvcub caquix|WUQUB_KAKIX;
826|el
criador|EL_CRIADOR;
827|vvcubcaquix|WUQUB_KAKIX;
828|los dos muchachos|DOS_MUCHACHOS;
829|hun
ahpu|JUNAJPU;
830|xbalanque|XBALANKE;
831|el corazon de el zielo|UKUX_KAJ_UKUX_ULEW;
832|los dos muchachos|DOS_MUCHACHOS;
833|los dos muchachos|DOS_MUCHACHOS;
834|vvcubcaquíx|WUQUB_KAKIX;
835|zípacna|SIPAKNA;
836|cab racan|KABRAQAN;
837|chímalmat|CHIMALMAT;
838|vvcubcaquíx|WUQUB_KAKIX;
839|zípacna|SIPAKNA;
840|hun
ahpu|VOLCAN_DE_ACATENANGO;
841|pecul|PEKUL;
842|yaxcanul|YA_XKANUL;
843|macamob|MAKAMOB;
844|motz|PLEYADAS;
845|meauan|MEAWN;
846|xmucane|IXMUKANE;
847|hun hunahpu|JUN_JUNAJPU;
848|vvcub hunah –pu|WUQUB_JUNAJPU;
849|hunhunahpu|JUN_JUNAJPU;
850|vv –cub hunahpu|WUQUB_JUNAJPU;
851|el ífierno|XIBALBA;
852|fuerte varranca|BARRANCO_AGITADO;
853|donde todo era palos puntíagudos|JA_SIMAJ;
854|vn río q’ era de sangre|RIO_DE_SANGRE;
855|colorado|CAMINO_ROJO;
856|negro|CAMINO_NEGRO;
857|blanco|CAMINO_BLANCO;
858|ama –ríllo|CAMINO_AMARILLO;
859|el camino negro|CAMINO_NEGRO;
860|el camíno de los
SSes|CAMINO_NEGRO;
861|el ínfíerno|XIBALBA;
862|el ínfíerno|XIBALBA;
863|hun came|JUN_KAME;
864|vvcub came|WUQUB_KAME;
865|el infierno|XIBALBA;
866|hun hun ahpu|JUN_JUNAJPU;
867|vvcub hunah –pu|WUQUB_JUNAJPU;
868|huncame|JUN_KAME;
869|vvcub came|WUQUB_KAME;
870|casa de la obscuridad|CASA_OSCURA;
871|casa
donde arrodillaban|CASA_DE_HIELO;
872|casa de leon tígres|CASA_DE_JAGUARES;
873|casa de murzíelagos|CASA_DE_MURCIELAGOS;
874|casa de navajas|CASA_DE_LOS_CHAYES;
875|donde echaban la zeníza|PUSBAL_CHAAJ;
876|sus hijos|DOS_MUCHACHOS;
877|hijos|DOS_MUCHACHOS;
878|hun –hun ahpu|JUN_JUNAJPU;
879|vvcub hun ahpu|WUQUB_JUNAJPU;
880|huracan|HURAKAN;
881|chípícaculha|CHIPI_KAQULJA;
882|raxa –caculha|RAXA_KAQULJA;
883|la doncella|IXKIK;
884|híjos|DOS_MUCHACHOS;
885|hun ahpu|JUNAJPU;
886|xbalanque|XBALAMKE;
887|la donzella|IXKIK;
888|cuchumaquíc|KUCHUMA_KIK;
889|la donzella|IXKIK;
890|hun
came|JUN_KAME;
891|vvcubcame|WUQUB_KAME;
892|cuchuma –quíc|KUCHUMA_KIK;
893|mi híja|IXKIK;
894|cuchumaquíc|KUCHUMA_KIK;
895|su hi –ja|IXKIK;
896|ella|IXKIK;
897|ella|IXKIK;
898|hun hun ahpu|JUN_JUNAJPU;
899|ella|IXKIK;
900|hun came|JUN_KAME;
901|vvcubcame|WUQUB_KAME;
902|la donzella|IXKIK;
903|donzella|IXKIK;
904|don
zella|IXKIK;
905|hun –came|JUN_KAME;
906|vucub came|VUKUB_KAME;
907|huncame|JUN_KAME;
908|vvcubcame|VUKUB_KAME;
909|huncame|JUN_KAME;
910|el infíerno|XIBALBA;
911|la donzella|IXKIK;
912|la donçella|IXKIK;
913|hun baꜩ|JUN_BATZ;
914|huncho –uen|JUN_CHOWEN;
915|xquic|IXKIK;
916|hunbaꜩ|JUN_BATZ;
917|hun’ch –uoen|JUN_CHOWEN;
918|hun ahpu|JUNAJPU;
919|xba –lanque|XBALAMKE;
920|la vieja|IXMUKANE;
921|x –quíc|IXKIK;
922|laVíeja|IXMUKANE;
923|mís hijos|DOS_MUCHACHOS;
924|el
ínfíerno|XIBALBA;
925|hun baꜩ|JUN_BATZ;
926|hun chouen|JUN_CHOWEN;
927|la donçella|IXKIK;
928|la víeja|IXMUKANE;
929|su nuera|IXKIK;
930|hun hunahpu|JUN_JUNAJPU;
931|hun hun ahpu|JUN_JUNAJPU;
932|vucub hun ahpu|WUQUB_JUNAJPU;
933|Sra. Suegra|IXMUKANE;
934|la víeja|IXMUKANE;
935|hunbatz|JUN_BATZ;
936|hun chouen|JUN_CHOWEN;
937|la víeja|IXMUKANE;
938|mí nuera|IXKIK;
939|la víeja|IXMUKANE;
940|nuera mía|IXKIK;
941|la don 
cella|IXKIK;
942|hun batz|JUN_BATZ;
943|hun cho –uen|JUN_CHOWEN;
944|la donzella|IXKIK;
945|la donçella|IXKIK;
946|xtoh|IXTOJ;
947|xcanil|IXQANIL;
948|xcacauíx|IXKAKAW_E;
949|hun
batz|JUN_BATZ;
950|hun chouen|JUN_CHOWEN;
951|la donzella|IXKIK;
952|la don
çella|IXKIK;
953|la víeja|IXMUKANE;
954|la víeja|IIXMUKANE;
955|donçella|IXKIK;
956|la donçella|IXKIK;
957|hun ahpu|JUNAJPU;
958|xbalaque|XBALAMKE;
959|la donçella|IXKIK;
960|x –quíc|IXKIK;
961|la víeja|IXMUKANE;
962|hunahpu|JUNAJPU;
963|xbalanque|XBALAMKE;
964|la víeja|IXMUKANE;
965|hun 
+baꜩ|JUN_BATZ;
966|hun chouen|JUN_CHOWEN;
967|hunbaꜩ|JUN_BATZ;
968|hun chouen|JUN_CHOWEN;
969|hun baꜩ|JUN_BATZ;
970|hunchouen|JUN_CHOWEN;
971|hun baꜩ|JUN_BATZ;
972|hunchouen|JUN_CHOWEN;
973|sus herma –nos|DOS_MUCHACHOS;
974|ellos|HERMANOS_ARTESANOS;
975|hunahpu|JUNAJPU;
976|xba –lanque|XBALAMKE;
977|abuela|IXMUKANE;
978|hunbaꜩ|JUN_BATZ;
979|hunchouen|JUN_CHOWEN;
980|hun baꜩ|JUN_BATZ;
981|hun chouen|JUN_CHOWEN;
982|hun baꜩ|JUN_BATZ;
983|hun chouen|JUN_CHOWEN;
984|hunahpu|JUNAJPU;
985|xbalanque|XBALAMKE;
986|hun baꜩ|JUN_BATZ;
987|hun chouen|JUN_CHOWEN;
988|hunahpu|JUNAJPU;
989|xbalanque|XBALAMKE;
990|la vieja|IXMUKANE;
991|hunahpu|JUNAJPU;
992|xbalanque|XBALAMKE;
993|abuela|IXMUKANE;
994|nosotros|DOS_MUCHACHOS;
995|Señora|IXMUKANE;
996|nuestros her –manos|HERMANOS_ARTESANOS;
997|nosotros|DOS_MUCHACHOS;
998|vosotros|DOS_MUCHACHOS;
999|sus hermanos|HERMANOS_ARTESANOS;
1000|los dos|DOS_MUCHACHOS;
1001|hun baꜩ|JUN_BATZ;
1002|hun chouen|JUN_CHOWEN;
1003|nuestros hermanos|HERMANOS_ARTESANOS;
1004|sus hermanos|HERMANOS_ARTESANOS;
1005|sus hermanos|HERMANOS_ARTESANOS;
1006|sus hermanos|HERMANOS_ARTESANOS;
1007|ellos|HERMANOS_ARTESANOS;
1008|hun baꜩ|JUN_BATZ;
1009|hun chouen|JUN_CHOWEN;
1010|hermanos nuestros|DOS_MUCHACHOS;
1011|hermanos nu –estros|DOS_MUCHACHOS;
1012|hun ahpu|JUNAJPU;
1013|xbalanque|XBALAMKE;
1014|sus hermanos|DOS_MUCHACHOS;
1015|ellos|HERMANOS_ARTESANOS;
1016|hun baꜩ|JUN_BATZ;
1017|hun chouen|JUN_CHOWEN;
1018|hun ahpu|JUNAJPU;
1019|xbalanq’que|XBALAMKE;
1020|abuela|IXMUKANE;
1021|Madre|IXKIK;
1022|nuestros hermanos|HERMANOS_ARTESANOS;
1023|vuestros herma –nos|HERMANOS_ARTESANOS;
1024|vu –estros hermanos|HERMANOS_ARTESANOS;
1025|la víeja|IXMUKANE;
1026|hun
ahpu|JUNAJPU;
1027|xbalanque|XBALAMKE;
1028|ellos|DOS_MUCHACHOS;
1029|abuela|IXMUKANE;
1030|hun
ahpu|JUNAJPU;
1031|la ví –eja|IXMUKANE;
1032|hun ahpu|JUNAJPU;
1033|hun baꜩ|JUN_BATZ;
1034|hun chouen|JUN_CHOWEN;
1035|la víeja|IXMUKANE;
1036|hun ahpu|JUNAJPU;
1037|xbalanque|XBALAMKE;
1038|la víeja|IXMUKANE;
1039|la víeja|IXMUKANE;
1040|la víeja|IXMUKANE;
1041|abuela|IXMUKANE;
1042|hun ahpu|JUNAJPU;
1043|xbalanque|XBALAMKE;
1044|abuela|IXMUKANE;
1045|abuela|IXMUKANE;
1046|la víeja|IXMUKANE;
1047|la víeja|IXMUKANE;
1048|nosotros|DOS_MUCHACHOS;
1049|vos|IXMUKANE;
1050|Madre|IXKIK;
1051|nuestros
hermanos|HERMANOS_ARTESANOS;
1052|hunbaꜩ|JUN_BATZ;
1053|huncho –uen|JUN_CHOWEN;
1054|la víeja|IXMUKANE;
1055|Me.|XIXBAQIYALO;
1056|hun ahpu|JUNAJPU;
1057|xbalanque|XBALAMKE;
1058|sus hermanos|DOS_MUCHACHOS;
1059|hun baꜩ|JUN_BATZ;
1060|hun chouen|JUN_CHOWEN;
1061|Me.|XIXBAQIYALO;
1062|abuela|IXMUKANE;
1063|su abuela|IXMUKANE;
1064|su madre|XIXBAQIYALO;
1065|su abuela|IXMUKANE;
1066|su Me.Madre|IXKIK;
1067|nosotros, tus níetos|DOS_MUCHACHOS;
1068|nuestros hermanos|HERMANOS_ARTESANOS;
1069|hun ahpu|JUNAJPU;
1070|xbalanque|XBALAMKE;
1071|su abuela|IXMUKANE;
1072|níetos míos|DOS_MUCHACHOS;
1073|la víeja|IXMUKANE;
1074|hun ahpu|JUNAJPU;
1075|xbalanque|XBALAMKE;
1076|nuestra abuela|IXMUKANE;
1077|su abuela|IXMUKANE;
1078|su abuela|IXMUKANE;
1079|su abu –ela|IXMUKANE;
1080|su MeMadre|IXKIK;
1081|ellos|DOS_MUCHACHOS;
1082|hun ahpu|JUNAJPU;
1083|xbalanque|XBALAMKE;
1084|dos muchachos|DOS_MUCHACHOS;
1085|hun ahpu|JUNAJPU;
1086|xbalanque|XBALAMKE;
1087|dos muchachos|DOS_MUCHACHOS;
1088|hun –hun ahpu|JUN_JUNAJPU;
1089|vucub hun ahpu|WUQUB_JUNAJPU;
1090|ífíernoinfierno|XIBALBA;
1091|abuela|IXMUKAME;
1092|los muchachos|DOS_MUCHACHOS;
1093|hun ahpu|JUNAJPU;
1094|xbalanque|XBALAMKE;
1095|muchachos|DOS_MUCHACHOS;
1096|vuestra abuela|IXMUKANE;
1097|nuestra abuela|IXMUKANE;
1098|hun ahpu|JUNAJPU;
1099|xbalanque|XBALAMKE;
1100|su abuela|IXMUKANE;
1101|abuela|IXMUKANE;
1102|la víeja|IXMUKANE;
1103|su madre|IXKIK;
1104|la abuela|IXMUKANE;
1105|ella|IXMUKANE;
1106|ella|IXMUKANE;
1107|ellos|DOS_MUCHACHOS;
1108|la víeja|IXMUKANE;
1109|nuestra abuela|IXMUKANE;
1110|Me.Madre|IXKIK;
1111|su abuela|IXMUKANE;
1112|su abuela|IXMUKANE;
1113|su madre|IXKIK;
1114|la ví –eja|IXMUKANE;
1115|ellos|DOS_MUCHACHOS;
1116|su abuela|IXMUKANE;
1117|ellos|DOS_MUCHACHOS;
1118|ín
fíerno|XIBALBA;
1119|hunhunahpu|JUN_JUNAJPU;
1120|vucubhun
ahpu|WUQUB_JUNAJPU;
1121|hun came|JUNKAME;
1122|vu –cubcame|WUQUB_JUNAJPUE;
1123|nosotros|DOS_MUCHACHOS;
1124|la víeja|IXMUKANE;
1125|el ínfíerno|XIBALBA;
1126|los muchachos|DOS_MUCHACHOS;
1127|ínfíerno|XIBALBA;
1128|la xmu –cane|IXMUKANE;
1129|la víeja|IXMUKANE;
1130|mís
níetos|DOS_MUCHACHOS;
1131|la vieja|IXMUKANE;
1132|la víeja|IXMUKANE;
1133|vuestra abuela|IXMUKANE;
1134|ella|IXMUKANE;
1135|el ínfíerno|XIBALBA;
1136|vuestra
abuela|IXMUKANE;
1137|los mozos, ó muchachos|DOS_MUCHACHOS;
1138|hunahpu|JUNAJPU;
1139|xbalanq’que|XBALAMKE;
1140|vac|pájaro;
1141|vac|pájaro;
1142|vac|pájaro;
1143|vac|pájaro;
1144|vac|pájaro;
1145|vac|pájaro;
1146|ellos|DOS_MUCHACHOS;
1147|vac|pájaro;
1148|la|WOK;
1149|la|WOK;
1150|la|WOK;
1151|la|WOK;
1152|vuestra abuela|IXMUKANE;
1153|los gémelos divinos|DOS_MUCHACHOS;
1154|hun came|JUN_KAME;
1155|vucubcame|WUQUB_KAME;
1156|vuestra abuela|IXMUKANE;
1157|ellos|DOS_MUCHACHOS;
1158|su abuela|IXMUKANE;
1159|su abuela|IXMUKANE;
1160|tus níetos|HERMANOS_ARTESANOS;
1161|abu –ela|IXMUKANE;
1162|hunahpu|JUN_JUNAJPU;
1163|xbalanque|XBALAMKE;
1164|al ínfíerno|XIBALBA;
1165|al ínfíerno|XIBALBA;
1166|el ínfíerno|XIBALBA;
1167|el ín –fíerno|XIBALBA;
1168|vno era Negro|CAMINO_NEGRO;
1169|blanco|CAMINO_BLANCO;
1170|co –lorado|CAMINO_ROJO;
1171|otro verde|CAMINO_VERDE;
1172|el camíno negro|CAMINO_NEGRO;
1173|hun
came|JUN_KAME;
1174|hun came|JUN_KAME;
1175|vucub came|WUQUB_KAME;
1176|díxo|KUCHUMA_KIK;
1177|vucub came|WUQUB_KAME;
1178|cu –chu maquíc|KUCHUMA_KIK;
1179|ahalpuh|AJAL_PUJ;
1180|cu –chu maquíC|KUCHUMA_KIK;
1181|ahal puh|AJAL_PUJ;
1182|ahal
cana|AJAL_QANA;
1183|ahal cana|AJAL_QANA;
1184|chamí baca|CHAMIYABAQ;
1185|chamía buc|CHAMIYABAQ;
1186|cha –mía holom|CHAMIYAJOLOM;
1187|chamía holom|CHAMIYAJOLOM;
1188|patan|PATAN;
1189|quíc xíc|KIK_RE;
1190|patan|PATAN;
1191|quíc ríx ƐaƐ|KIK_RIXKAQ;
1192|quíc re|KIK_RE;
1193|hun
ahpu|JUN_JUNAJPU;
1194|ahal puh|AJAL_PUJ;
1195|ahal cana|AJAL_QANA;
1196|chamía
baca|CHAMIYABAQ;
1197|chamía holom|CHAMIYAJOLOM;
1198|pa –tan|PATAN;
1199|díxeron|HERO_TWINS;
1200|pensaban|HERO_TWINS;
1201|díxeron|HERO_TWINS;
1202|ençendíeron|HERO_TWINS;
1203|díxeron|HERO_TWINS;
1204|díxeron|HERO_TWINS;
1205|los gémelos divinos|mançebos;
1206|los gémelos divinos|mançebos;
1207| víendo|JUN_JUNAJPU;
1208|díxo|JUN_JUNAJPU;
1209|mançe –bos|HERO_TWINS;
1210|rían|HERO_TWINS;
1211|los gémelos divinos|DOS_MUCHACHOS;
1212|los gémelos divinos|DOS_MUCHACHOS;
1213|los gémelos divinos|DOS_MUCHACHOS;
1214|los gémelos divinos|DOS_MUCHACHOS;
1215|los gémelos divinos|DOS_MUCHACHOS;
1216|díxeron|DOS_MUCHACHOS;
1217|los gémelos divinos|DOS_MUCHACHOS;
1218|los gémelos divinos|DOS_MUCHACHOS;
1219| deçían|DOS_MUCHACHOS;
1220|hun
ahpu|XBALAMKE;
1221|díxeron|DOS_MUCHACHOS;
1222|los gémelos divinos|DOS_MUCHACHOS;
1223|díxeron|DOS_MUCHACHOS;
1224|embíaron|DOS_MUCHACHOS;
1225|los gémelos divinos|DOS_MUCHACHOS;
1226|rasgaron|WOK;
1227|su|WOK;
1228|los gémelos divinos|mançebos;
1229|los gémelos divinos|HERO_TWINS;
1230|ala|WOK;
1231|hun
ahpu|JUNAJPU;
1232|xba –lanque|XBALAMKE;
1233|xbalan
que|XBALAMKE;
1234|hun ahpu|JUNAJPU;
1235|hun
ahpu|JUNAJPU;
1236|xbalanque|XBALAMKE;
1237|hun ahpu|JUNAJPU;
1238|xbalanque|XBALAMKE;
1239|hun ahpu|JUNAJPU;
1240|xbalan –que|XBALAMKE;
1241|hun ah –pu|JUNAJPU;
1242|xbalanque|XBALAMKE;
1243|hun ahpu|JUNAJPU;
1244|xbalanque|XBALAMKE;
1245|xuluppacam|XULU;
1246|xbalanque|XBALAMKE;
1247|tulan|TULAN;
1248|zu|SUYWA;
1249|balamquíꜩe|BALAM_KITZE;
1250|balam acab|BALAM_AQAB;
1251|mahu –cutah|MAJUKUTAJ;
1252|íquíbalam|IQUI_BALAM;
1253|balamquítze|BALAM_KITZE;
1254|balam acab|BALAM_AQAB;
1255|mahucutah|MAJUKUTAJ;
1256|tamub|TAMUB;
1257|ílo –cab|ILOKAB;
1258|rabínal|RABINALEB;
1259|ꜫaꜫchíque –les|KAQCHIKEL;
1260|q,íquínaha|Q,IQUINAHA;
1261|tuhalha|TUJAL_JA;
1262|vcha –baha|UCHABAJA;
1263|quíbaha|AJKIBAJA;
1264|ahbatena|AJBATENAJA;
1265|ya
quí tepeu|YAKI_TEPEW;
1266|tohíl|TOJIL;
1267|aulíx|AWILIX;
1268|hacauíꜩ|JAQAWITZ;
1269|balamquíꜩe|BALAM_KITZE;
1270|balamacab|BALAM_AQAB;
1271|mahucu –tah|MAJUKUTAJ;
1272|íquíbalam|IKIBALAM;
1273|hacauíꜩ|MT.JAQAWITZ;
1274|balamquíꜩe|BALAM_KITZE;
1275|balam a –cab|BALAM_AQAB;
1276|mahucutah|MAJUKUTAJ;
1277|íquíbalam|IKIBALAM;
1278|tulanzu|TULAN;
1279|yaquí|YAKI_TEPEW;
1280|tohíl|TOJIL;
1281|yaquí|YAKI_TEPEW;
1282|yolcuat|YOLKWAT;
1283|quítzalcuat|QUITZALCUAT;
1284|tulanzu|TULAN;
1285|yaquí|YAKI_TEPEW;
1286|Mexíco|MEXICO;
1287|tepeu olíman|TEPEW_OLOMAN;
1288|hacauíꜩ|MT.JAQAWITZ;
1289|tamub|TAMUB;
1290|ílocab|ILOKAB;
1291|Dan|DAN;
1292|tamub|TAMUB;
1293|tohíl|TOJIL;
1294|quiche|KICHE;
1295|Rabínal|RABINALEB;
1296|toh|TOJ;
1297|Rabínal|RABINALEB;
1298|ꜫaꜫchíqueles|KAQCHIKELEB;
1299|tulanzu|TULAN;
1300|ꜩoꜩíha|TZOTZIJA;
1301|tulanzu|TULAN;
1302|tulanzu|TULAN;
1303|balam quíꜩe|BALAM_KITZE;
1304|balam acab|BALAM_AQAB;
1305|mahucutah|MAJUKUTAJ;
1306|íquíbam|IKIBALAM;
1307|tohíl|TOJIL;
1308|auílíx|AWILIX;
1309|ha
cauíꜩ|JAQAWITZ;
1310|tohíl|TOJIL;
1311|tohíl|TOJIL;
1312|auílíx|AWILIX;
1313|tohíl|TOJIL;
1314|tohíl|TOJIL;
1315|tohíl|TOJIL;
1316|tohíl|TOJIL;
1317|tohíl|TOJIL;
1318|auílíx|AWILIX;
1319|hacauíꜩ|JAQAWITZ;
1320|tohíl|TOJIL;
1321|auílíx|AWILIX;
1322|balamquiꜩe|BALAM_KITZE;
1323|balamacab|BALAM_AQAB;
1324|mahucutah|MAJUKUTAJ;
1325|íquíbalam|IKIBALAM;
1326|tohíl|TOJIL;
1327|auílíx|AWILIX;
1328|hacauíꜩ|JAQAWITZ;
1329|tohíl|TOJIL;
1330|auílíx|AWILIX;
1331|hacauíꜩ|JAQAWITZ;
1332|tohíl|TOJIL;
1333|auí –lix|AWILIX;
1334|hacauíꜩ|JAQAWITZ;
1335|tohíl|TOJIL;
1336|auílix|AWILIX;
1337|hacauíꜩ|JAQAWITZ;
1338|tulanzu|TULAN;
1339|tohíl|TOJIL;
1340|auílíx|AWILIX;
1341|hacauíꜩ|JAQAWITZ;
1342|balam quíꜩe|BALAM_KITZE;
1343|balam acab|BALAM_AQAB;
1344|mahucutah|MAJUKUTAJ;
1345|íquíbalam|IKIBALAM;
1346|tohíl|TOJIL;
1347|auí –lix|AWILIX;
1348|tohíl|TOJIL;
1349|auílíx|AWILIX;
1350|tohíl|TOJIL;
1351|auílíx|AWILIX;
1352|hacauíꜩ|JAQAWITZ;
1353|tohíl|TOJIL;
1354|auílix|AWILIX;
1355|haca –uíꜩ|JAQAWITZ;
1356|tohíl|TOJIL;
1357|auílix|AWILIX;
1358|hacauíꜩ|JAQAWITZ;
1359|tohíl|TOJIL;
1360|ba –lam quíꜩe|BALAM_KITZE;
1361|balam acab|BALAM_AQAB;
1362|mahucutah|MAJUKUTAJ;
1363|íquíbalam|IKIBALAM;
1364|tohíl|TOJIL;
1365|auílix|AWILIX;
1366|ha –cauíꜩ|JAQAWITZ;
1367|tohíl|TOJIL;
1368|auí –líx|AWILIX;
1369|hacauíꜩ|JAQAWITZ;
1370|tohíl|TOJIL;
1371|tohíl|TOJIL;
1372|auílíx|AWILIX;
1373|hacauíꜩ|JAQAWITZ;
1374|hacavítz|LUGAR_DE_JAQAWITZ;
1375|balamquítze|BALAM_KITZE;
1376|balam acab|BALAM_AQAB;
1377|mahu –cutah|MAJUKUTAJ;
1378|íquíbalam|IKIBALAM;
1379|qocaíb|KOKAIB;
1380|qocauíb|KOKAIB;
1381|hacauítz|LUGAR_DE_JAQAWITZ;
1382|balamquítze|BALAM_KITZE;
1383|balam a –cab|BALAM_AQAB;
1384|mahucutah|MAJUKUTAJ;
1385| íquíbalam|IKIBALAM;
1386|qocaíb|KOKAIB;
1387|balamquí –tze|BALAM_KITZE;
1388|cauíquíb|KAWEQ;
1389|qoacutec|KOAKUTEK;
1390|balamacab|BALAM_AQAB;
1391|níhaí –bab|NIJAIB;
1392|qoahau|KOAJAW;
1393|mahucutah|MAJUKUTAJ;
1394|ahauquíche|AJAW_KICHE;
1395|nac –xít|NAKXIT;
1396|nacxít|NAKXIT;
1397|tulan|TULÁN;
1398|hacauítz|LUGAR_DE_JAQAWITZ;
1399|tamub|TAMUB;
1400|ílocab|ILOKAB;
1401|qocaíb|KOKAIB;
1402|qoacutec|KOAKUTEK;
1403|qoahau|KOAJAW;
1404|Rabinal|RABINALEB;
1405|eaechíque
les|KAQCHIKELEB;
1406|q’íquínaha.|AJTZIKINAJA;
1407|hacauítz|LUGAR_DE_JAQAWITZ;
1408|balamquítze|BALAM_KITZE;
1409|balam acab|BALAM_AQAB;
1410|mahucutah|MAJUKUTAJ;
1411|hacauítz|LUGAR_DE_JAQAWITZ;
1412|chíquíx|CHI_KIX;
1413|quix|CHI_KIX;
1414|chíchat|CHI_CHAQ;
1415|humetabs|JUMETA_JA;
1416|culba|KULBA;
1417|cauínal|KAWINAL;
1418|chí ízmachí|CHI_ISMACHI;
1419|conache|KONACHE;
1420|beleheb queh|BELEJEB_KEJ;
1421|ealel ahau|AJAW_QALEL;
1422|cotuha|KOTUJA;
1423|íztayul|ISTAYUL;
1424|ízmachí|CHI_ISMACHI;
1425|ízmachí|CHI_ISMACHI;
1426|cauíquíb|KAWEQ;
1427|níhaíbab|NIJAIB;
1428|ahau quiche|AJAW_KICHE;
1429|ízmachí|CHI_ISMACHI;
1430|ízmachí|CHI_ISMACHI;
1431|ílocab|ILOKAB;
1432|cotuha|KOTUJA;
1433|ztayul|ISTAYUL;
1434|ílocab|ILOKAB;
1435|cotuha|KOTUJA;
1436|ílocb|ILOKAB;
1437|quichees|KAWEQ;
1438|ílocab|ILOKAB;
1439|cotuha|KOTUJA;
1440|ílocab|ILOKAB;
1441|quiche|KAWEQ;
1442|ízmachí|CHI_ISMACHI;
1443|quiche|KAWEQ;
1444|ízmachí|CHI_ISMACHI;
1445|cotuha|KOTUJA;
1446|zta –yul|ISTAYUL;
1447|níhaíbab|NIJAIB;
1448|ahauquíche|AJAW_KICHE;
1449|ízmachí|CHI_ISMACHI;
1450|cauíquíb|KAWEQ;
1451|níhaíb|NIJAIB;
1452|ahau quiche|AJAW_KICHE;
1453|ízmachí|CHI_ISMACHI;
1454|ízmachí|CHI_ISMACHI;
1455|cumarcaaj|QUMARAQ_AJ;
1456|cotuha|KOTUJA;
1457|cucu –matz|AJQUKUMATZ;
1458|cumarcaah|QUMARAQ_AJ;
1459|chínamítales|SAQIK;
1460|cauíquíb|KAWEQ;
1461|níhaíbab|NIJAIB;
1462|ahau quiche|AJAW_KICHE;
1463|chínamí –tales|SAQIK;
1464|ca –uíquíb|KOKAIB;
1465|ah –pop|AJPOP;
1466|ahpop camha|AJPOP_KAMJA;
1467|ahtohíl|AJTOJIL;
1468|ahcucu –matz|AJQUKUMATZ;
1469|ním chocoh cuec|NIM_CHOKOJ_KAWEQ;
1470|popol vínac|POPOL_WINAQ_PA_JOM_TZALATZ;
1471|chítuy Lolmet. 7. queh nayí|LOLMET_KEJNAY;
1472|po –pol vínac pahom tzalatz|POPOL_WINAQ_PA_JOM_TZALATZ;
1473|uchuch
camha|UCHUCH_KAMJA;
1474|ca –uíquíb|KAWEQ;
1475|níhaí –bab|NIJAIB;
1476|ahau ealel|AJAW_QALEL;
1477|ahau
ahtzíc vínac|AJAW_AJTZIK_WINAQ;
1478|calecamha|QALEL_KAMJA;
1479|vchuch
camha|UCHUCH_KAMJA;
1480|ním chocoh níhaíb|NIM_CHOKOJ_NIJAIB;
1481|aha –u auílix|AJAW_AWILIX;
1482|yacolatam. 8. vtzam
pop o, zaclatol.|YAKOLATAM_UTZAM_POP_SAQLATOL;
1483|níma lolmet yeol –tux|NIMA_LOLMET_YEOLTUX;
1484|níha –íbab|NIJAIB;
1485|ahauquíche|AJAW_KICHE;
1486|ahtzíc vínac|AJTZIK_WINAQ;
1487|ahau lolmet|AJAW_LOLMET;
1488|ahau
ním chocoh|AJAW_NIM_CHOKOJ;
1489|ahau hacauítz|AJAW_JAQAWITZ;
1490|ahau
quiche|AJAW_KICHE;
1491|Chínamítales|SAQIK;
1492|tzutuha|TZUTUJA;
1493|ealel zaquic|QALEL_SAQIK;
1494|cotuha|KOTUJA;
1495|cucumatz|AJQUKUMATZ;
1496|cucumatz|AJQUKUMATZ;
1497|ínfíerno|XIBALBA;
1498|Rey cucumatz|QUKUMATZ_PERSONA;
1499|Rey cucumatz|QUKUMATZ_PERSONA;
1500|eae quicab|KIKAB;
1501|cauí
zímah|KAWISIMAJ;
1502|quícab|KIKAB;
1503|cauízímah|KAWISIMAJ;
1504|chuuíla|CHUWILA;
1505|tzacualpa|PA_MAKA;
1506|caoqueb|KAWKEB;
1507|zacabaha|SAQKABAJA;
1508|zaculeuab|SAQULEWAB;
1509|tutuníca –pa|CHUWI_MEQENA;
1510|quezaltenango|XELAJUJ;
1511|Guatta.|CHUWA_TZAQ;
1512|momostenango|TZOLOJ_CHE;
1513|quícab|KIKAB;
1514|Rabínal|RABINALEB;
1515|zaculeuab|SAQULEWAB;
1516|quícab|KIKAB;
1517|cauízímah|KAWISIMAJ;
1518|petayub|PETATAYUB;
1519|quícab|KIKAB;
1520|quícab|KIKAB;
1521|tamub|TAMUB;
1522|xebalax|XE_BALAX;
1523|xecamac|XE_KAMAQ;
1524|chulímán|CHULIMAL;
1525|ealel ahau|AJAW_QALEL;
1526|ealel za –quíc|QALEL_SAQIK;
1527|v ealel achih|QALEL_ACHIJ;
1528|rah pop achíh|RAJPOP_ACHIJ;
1529|rah
tzalam achíh|RAJTZALAM_ACHIJ;
1530|v tzamachíh|UTZAM_ACHIJ;
1531|tamub|TAMUB;
1532|ílocab|ILOKAB;
1533|tohíl|TOJIL;
1534|tohíl|TOJIL;
1535|cauíquíb|KAWEQ;
1536|auílíx|AWILIX;
1537|níhaíbab|NIJAIB;
1538|hacauítz|LUGAR_DE_JAQAWITZ;
1539|ahau quiche|AJAW_KICHE;
1540|tzutuha|LUGAR_DE_TZUTUJA;
1541|cahbaha|KAJBAJA;
1542|Rey cucumatz|QUKUMATZ_PERSONA;
1543|cotuha|KOTUJA;
1544|quícab|KIKAB;
1545|cauízímah|KAWISIMAJ;
1546|tohíl|TOJIL;
1547|huracan|UKUX_KAJ;
1548|corazón de el çíelo, y tíerra|UKUX_KAJ_UKUX_ULEW;
1549|tu coraçon de el çíelo|UKUX_KAJ;
1550|tu corazon
de la tierra|UKUX_ULEW;
1551|tohíl|TOJIL;
1552|auílix|AWILIX;
1553|hacauítz|JAQAWITZ;
1554|tamub|TAMUB;
1555|ílocab|ILOKAB;
1556|rabínal|RABINALEB;
1557|eaechiqueles|KAQCHIKELEB;
1558|q,íquínaha|AJTZIKINAJA;
1559|tuhala|TUJAL_JA;
1560|vchabaho|UCHABAJA;
1561|quícab|KIKAB;
1562|cauízímah|KAWISIMAJ;
1563|balamquítze|BALAM_KITZE;
1564|balam acab|BALAM_AQAB;
1565|ma –hucutah|MAJUKUTAJ;
1566|íquíbalam|IKIBALAM;
1567|Balamquítze|BALAM_KITZE;
1568|cauíquíb|KAWEQ;
1569|balamq’tze|BALAM_KITZE;
1570|Vahxaquí caam|WAJXAQIB_KAM;
1571|quícab|KIKAB;
1572|Oxibqueh|OXIB_KEJ;
1573|beleheb q’í|BELEJEB_TZI;
1574|Aluarado|DONADIU;
1575|Tecum|TEKUM_TRECEAVA;
1576|tepepul|TEPEPUL_TRECEAVA;
1577|D.Juo. de Roxas|DON_JUAN_DE_ROJAS;
1578|D.Juo. cortes|DON_JUAN_CORTÉS;
1579|chínamítales|SAQIK;
1580|chínamítales|SAQIK;
1581|cauíquíb|KAWEQ;
1582|Ním choch cauec|NIM_CHOKOJ_KAWEQ;
1583|Lolmet quehnay|LOLMET_KEJNAY;
1584|Popolvínac pahom. tzalatz|POPOL_WINAQ_PA_JOM_TZALATZ;
1585|Tepeu yaquí|YAKI_TEPEW;
1586|chínamítales|SAQIK;
1587|cauíquíb|KAWEQ;
1588|níhaíbab|NIJAIB;
1589|Balam acab|BALAM_AQAB;
1590|Coacul|KOAKUL;
1591|coacutac|KOAKUTEK;
1592|cochahuh|KOCHAJUJ;
1593|coꜩíbaha|KOTZIBAJA;
1594|Beleheb quih|BELEJEB_KEJ;
1595|Cotuha|KOTUJA;
1596|Baꜩa|BATZA;
1597|ztayul|ISTAYUL_NIJAIB;
1598|Cotuha|KOTUJA_OCTAVO;
1599|Beleheb quíh|BELEJEB_KEJ_NOVENO;
1600|Quema|KEEMA;
1601|Ahau cotuha|AJAW_KOTUJA_UNDÉCIMO;
1602|Don chrístoual|DON_CRISTÓBAL;
1603|Don Po.Pedro de Robles.|DON_PEDRO_DE_ROBLES;
1604|Ahau ꜫalel|AJAW_QALEL;
1605|ní –haíbab|NIJAIB;
1606|Ahau ah ꜩíc vínac|AJAW_AJTZIK_WINAQ;
1607|ꜫalel camha|QALEL_KAMJA;
1608|Níma camha|NIMA_KAMJA;
1609|Vchuch camha|UCHUCH_KAMJA;
1610|Níma camha|NIMA_KAMJA;
1611|Nímchocoh níhaíb|NIM_CHOKOJ_NIJAIB;
1612|Ahau auílíx|AJAW_AWILIX;
1613|Yacolatam|YAKOLATAM;
1614|níhaíbab|NIJAIB;
1615|níhaíbab|NIJAIB;
1616|ahau quiche|AJAW_KICHE;
1617|Mahucutah|MAJUKUTAJ_HOMBRE;
1618|Coahau|KOAJAW;
1619|Caelacan|QAQ_LAQAM;
1620|Cocozom|KOKOSOM;
1621|comah cun|KOMAJKUN;
1622|Vucub ah|WUQUB_AJ;
1623|Cocamel|KOKAMEL;
1624|Coyabacoh|KOYABAKOJ;
1625|Vínac bam|WINAQ_BALAM;
1626|ah –au quiche|AJAW_KICHE;
1627|SSes.Señores de las
grandes casas, q’que solo son quatro|CUATRO_CASAS_GRANDES;
1628|Ah ꜩíc vínac|AJAW_AJTZIK_WINAQ;
1629|Lolmet ahau|AJAW_LOLMET;
1630|Ním chocoh|AJAW_NIM_CHOKOJ;
1631|Hacauíꜩ|AJAW_JAQAWITZ;
1632|quatro casas
grandes|CUATRO_CASAS_GRANDES;
1633|ahau quiche|AJAW_KICHE;
1634|ca
uíquíb|KAWEQ;
1635|níha –íb|NIJAIB;
1636|ahau quí –che|AJAW_KICHE;
1637|StaSantaCruz.|SANTA_CRUZ;
